newstitle,newscomname
'라면왕' 신춘호 별세..빈소에 모인 농심家 [TF사진관],더팩트
벚꽃 구경나온 '강심장들'..비는 오고 눈치도 보여 뻘쭘,뉴시스
"침대 밑 6시간 기다렸다"..'아내 불륜남' 살해한 인도男,서울신문
여성 성폭행 뒤 유기하는 과정 유튜브 생중계..러시아 발칵,서울신문
'영끌' 새차 샀더니, 3년만에 '반값' 폭락..'분노 예방' 신차 구입 비결,매일경제
택배기사 인 척 아파트 침입..초등생 인질 잡고선 "1억 내놔",중앙일보
[단독] 故신춘호 농심 회장, 별세 직전 서울대병원에 10억원 기부,조선비즈
대학생 만난 오세훈 "등록금 감액 필요하지만..학교 입장도",뉴시스
멸종위기종 '한국표범' 일가족 러시아에서 포착,서울신문
90일 만에 시신으로 발견된 발달장애인.."'실종아동' 개념 탈피해야",KBS
"전세 3억 떨어졌다?"..여전히 살얼음판 걷는 세입자들,매일경제
일본인이 격리하던 호텔서 지폐 뿌려.."숙박비 선불 갈등 추정",연합뉴스
서울시장 선거 여권 재역전 가능할까,경향신문
"文, 중증 치매환자" 발언이 단순 막말을 넘어 '치명적'인 이유(종합),아시아경제
'미친사람' 취급에도 매일 나무 심은 남자가 만든 기적,국민일보
비맞으며 유세 나선 안철수 "정권교체 가능한 후보 누굽니까!",뉴시스
결국 성공한 블라인드 압색..작성자 찾을 순 있지만 처벌은 '글쎄',한국일보
수에즈 좌초 거대 선박 앞 작은 굴착기..밈 풍자 만발(종합),연합뉴스
강화 한 폐교시설서 집단감염..알고보니 10년간 무단 점용,한국일보
[사건을 보다]'구미 3세' 아이가 남긴 혈액형의 비밀,채널A
'노원 세 모녀 살해 후 자해' 20대 수술 종료..경찰 곧 조사·포렌식,뉴스1
"조선인 죽어라"..日가와사키시 다문화교류시설에 또 협박문,연합뉴스
민주 "오세훈, 내곡동 관련 증언 나와..약속대로 후보직 사퇴해야",뉴스1
"정말 민망해 죽겠어요"..'몰상식' 고객에 배달원 황당 경험 '토로',헤럴드경제
박영선, 현장 유세 일시 중단..동행 정청래 확진자 접촉(종합),뉴스1
바이든 대만에 손 내밀자 中군용기 20대로 최대 무력시위(종합2보),연합뉴스
[1면 사진 모아보기] 800년 만에 터진 아이슬란드 화산,한겨레
윤호중 "오세훈 쓰레기"→野 "역대급 막말"..갈등 폭발,머니투데이
'민주야 좋아해' 넷플릭스 광고..시민단체는 검찰 수사의뢰,중앙일보
박영선 "오세훈, 늘 공격만 하시는데 안 하셨음 한다",뉴스1
27일 오후 6시 413명..부산 유흥업소·복지센터 무더기 감염(종합),뉴스1
침대 밑 6시간 기다린 인도 남성, 아내 불륜남 흉기살해,연합뉴스
"손해보면서 팔아야하나"..택배비 인상에 속타는 소상공인,매일경제
박영선, 장관 때 횡령·배임 최신원 후원금 받아..野 "때리고 받나",조선비즈
[법률판]"난 10억 아파트, 빌라 사는게 죄" 세차장 직원의 조롱,머니투데이
산모도 못 들어가는 신생아실에서 아이 바꿔치기..경찰, 공범 찾기 주력,데일리안
대만과 손잡은 바이든에 뿔난 중국..군용기로 최대 무력시위,한국경제
숙박비 갈등 일본인..호텔서 현금 90만원 뿌려 한 때 소동,한국일보
"미라 냄새다" 고고학자들 탄성..나란히 발견된 임진왜란 두 마님,중앙일보
野 "박영선 기업 후원금 절제했어야" 與 "법적문제 없어",뉴스1
"앞에서는 걱정말라고 아이 엄마 안심시켜 놓고선 안 보이는 곳에선 이렇게 악마였다",세계일보
"걸으면 힐링된다"..비밀의 공간 '사려니 숲길',매일경제
강화도 방문판매업체서 42명 집단감염..폐교·상가서 합숙생활(종합2보),연합뉴스
'42명 집단감염' 방판업체, 강화도 폐교 10년째 무단점유(종합),연합뉴스
맥라렌·벤츠 '거지차' 폭언.."아이에겐 자아 짓밟히는 경험",한국일보
"아시안은 원숭이 뇌 먹고 역겨워..미국 떠나라" '혐오 편지' 돌고 있어 경찰 수사 중,아시아경제
사관생도 추정 청원인 "정치인 추모 막은 국방부, 전사자 모독",연합뉴스
"영웅 기리는 데 여야가 어딨나, 조국 부끄럽지 않게 해달라"..文에 청원한 사관생도 추정 靑청원글,아시아경제
반도체단지 예정지에 수상한 조립식주택.."거주자 보상 노린 듯",연합뉴스
이준석 "오세훈이 밥 안 준 '초딩'이 유권자? 20대 지지율 제일 높아..더 혼나봐라",아시아경제
